<?xml version="1.0" encoding="utf-8"?>
<selector xmlns:android="http://schemas.android.com/apk/res/android">
    <item android:drawable="@color/theme_body_cell_pressed_color" android:state_selected="true" />
    <item android:drawable="@color/theme_body_cell_pressed_color" android:state_focused="true" />
    <item>
        <ripple android:color="@color/theme_body_cell_pressed_color">
            <item android:id="@android:id/mask" android:drawable="@android:color/white" />
            <item android:drawable="@color/theme_body_cell_color" />
        </ripple>
    </item>
</selector>
